{"ALPHABLEND_TYPE":1,"ANGLE":20.5,"ATTENUATION":0.9800000190734863,"BACKROT":false,"BCOLTRANSITION":true,"CNTTRANSITIONTIME":0,"COL":{"A":1.0,"B":1.0,"G":0.7204971313476563,"R":0.0},"COLRANDAMMAX":{"A":1.0,"B":0.7303921580314636,"G":0.48641663789749146,"R":0.16111589968204498},"COLRANDAMMIN":{"A":1.0,"B":0.7352941036224365,"G":0.0756920650601387,"R":0.1412423998117447},"COLRANDOM":true,"COLTRANSITION":{"A":1.0,"B":0.0,"G":0.0,"R":0.0},"DESTCOL":{"A":1.0,"B":1.0,"G":1.0,"R":1.0},"DIVISION":{"X":1,"Y":1},"EFFECTTYPE":0,"ENDTIME":0,"HEIGHT":0.0,"LIFE":60,"MOVE":{"X":5.881999969482422,"Y":0.0,"Z":0.0},"MOVETRANSITION":{"X":0.0,"Y":0.0,"Z":0.0},"MULTITEX":"0","NUMPARTICLE":1,"POS":{"X":640,"Y":360,"Z":0},"POSMAX":{"X":1280.0,"Y":0.0,"Z":0.0},"POSMIN":{"X":0.0,"Y":0.0,"Z":0.0},"RADIUS":4.5,"RANDOMTRANSITIONTIME":true,"ROT":{"X":640.0,"Y":-360.0,"Z":2.0831856727600098},"SCALE":50.0,"SPEED":10,"TIME":0,"TYPE":0,"WEIGHT":0.0,"WEIGHTTRANSITION":0.0,"WIDTH":0.0}
