{"ALPHABLEND_TYPE":1,"ANGLE":13.089969635009766,"ATTENUATION":0.9800000190734863,"BACKROT":false,"BCOLTRANSITION":true,"CNTTRANSITIONTIME":0,"COL":{"A":1.0,"B":0.0,"G":1.0,"R":0.95652174949646},"COLRANDAMMAX":{"A":1.0,"B":0.4534161686897278,"G":0.18641477823257446,"R":0.18305620551109314},"COLRANDAMMIN":{"A":1.0,"B":0.0,"G":0.8571428656578064,"R":1.0},"COLRANDOM":false,"COLTRANSITION":{"A":1.0,"B":0.0,"G":0.0,"R":0.0},"DESTCOL":{"A":1.0,"B":0.6554840207099915,"G":0.1599999964237213,"R":0.800000011920929},"DIVISION":{"X":1,"Y":1},"EFFECTTYPE":0,"ENDTIME":0,"HEIGHT":0.0,"LIFE":60,"MOVE":{"X":0.4690000116825104,"Y":-0.49000000953674316,"Z":0.0},"MOVETRANSITION":{"X":0.0,"Y":0.0,"Z":0.0},"MULTITEX":"0","NUMPARTICLE":1,"POS":{"X":640,"Y":360,"Z":0},"POSMAX":{"X":0.0,"Y":0.0,"Z":0.0},"POSMIN":{"X":0.0,"Y":0.0,"Z":0.0},"RADIUS":13.479999542236328,"RANDOMTRANSITIONTIME":true,"ROT":{"X":640.0,"Y":-360.0,"Z":2.0831856727600098},"SCALE":50.73500061035156,"SPEED":10,"TIME":0,"TYPE":0,"WEIGHT":0.0,"WEIGHTTRANSITION":0.0,"WIDTH":0.0}
