{
	"ENEMY0": {
		"LIFE": 10,
		"MOVE": {
			"X": 0,
			"Y": 1.5707963705062866,
			"Z": 0
		},
		"POS": {
			"X": 910.0000610351562,
			"Y": 81.06482696533203,
			"Z": 0
		},
		"ROT": {
			"X": 0,
			"Y": 1.5707963705062866,
			"Z": 0
		},
		"SIZE": {
			"X": 2,
			"Y": 2,
			"Z": 2
		},
		"TYPE": 0
	},
	"ENEMY1": {
		"LIFE": 10,
		"MOVE": {
			"X": 0,
			"Y": 1.5707963705062866,
			"Z": 0
		},
		"POS": {
			"X": 908.0000610351562,
			"Y": -71.93177032470703,
			"Z": 0
		},
		"ROT": {
			"X": 0,
			"Y": 1.5707963705062866,
			"Z": 0
		},
		"SIZE": {
			"X": 2,
			"Y": 2,
			"Z": 2
		},
		"TYPE": 0
	},
	"ENEMY2": {
		"LIFE": 10,
		"MOVE": {
			"X": 0,
			"Y": 1.5707963705062866,
			"Z": 0
		},
		"POS": {
			"X": 908.0000610351562,
			"Y": -215.92855834960938,
			"Z": 0
		},
		"ROT": {
			"X": 0,
			"Y": 1.5707963705062866,
			"Z": 0
		},
		"SIZE": {
			"X": 2,
			"Y": 2,
			"Z": 2
		},
		"TYPE": 0
	},
	"INDEX": 3
}